{"routes":[{"name":"Aarhus-Odden","route":[{"x":577073,"y":6225442},{"x":592273,"y":6214242},{"x":608273,"y":6211042},{"x":644673,"y":6205842}]},{"name":"Great-Belt","route":[{"x":644937,"y":6371842},{"x":676097,"y":6293978},{"x":613489,"y":6188010},{"x":611785,"y":6168118},{"x":629129,"y":6134202},{"x":633153,"y":6119870},{"x":629269,"y":6095686},{"x":619817,"y":6077770},{"x":621005,"y":6063162},{"x":680509,"y":6033882},{"x":704729,"y":6034938},{"x":707633,"y":6039442},{"x":739225,"y":6076814},{"x":769073,"y":6098614}]},{"name":"Kattegat-Sound","route":[{"x":644937,"y":6371842},{"x":676097,"y":6293978},{"x":690081,"y":6243494},{"x":720673,"y":6223442},{"x":724581,"y":6220486},{"x":732789,"y":6202242},{"x":746377,"y":6172482},{"x":731993,"y":6135230},{"x":769073,"y":6098614}]}],"ships":[{"name":"ao1","speed":28,"impact":3.75,"start":0,"route":"Aarhus-Odden"},{"name":"ao2","speed":28,"impact":3.75,"start":0,"route":"Aarhus-Odden"},{"name":"gb1","speed":31.9595,"impact":1.9975,"start":0,"route":"Great-Belt"},{"name":"gb2","speed":23.7466,"impact":1.4842,"start":0,"route":"Great-Belt"},{"name":"gb3","speed":25.2602,"impact":1.5788,"start":0,"route":"Great-Belt"},{"name":"gb4","speed":26.2945,"impact":1.6434,"start":0,"route":"Great-Belt"},{"name":"gb5","speed":27.4609,"impact":1.7163,"start":0,"route":"Great-Belt"},{"name":"gb6","speed":28.3971,"impact":1.7748,"start":0,"route":"Great-Belt"},{"name":"gb7","speed":30.0623,"impact":1.8789,"start":0,"route":"Great-Belt"},{"name":"gb8","speed":14.8541,"impact":0.9284,"start":0,"route":"Great-Belt"},{"name":"gb9","speed":27.7149,"impact":1.7322,"start":0,"route":"Great-Belt"},{"name":"gb10","speed":36.2122,"impact":2.2633,"start":0,"route":"Great-Belt"},{"name":"gb11","speed":24.6665,"impact":1.5417,"start":0,"route":"Great-Belt"},{"name":"gb12","speed":34.6686,"impact":2.1668,"start":0,"route":"Great-Belt"},{"name":"gb13","speed":31.7516,"impact":1.9845,"start":0,"route":"Great-Belt"},{"name":"gb14","speed":29.855,"impact":1.8659,"start":0,"route":"Great-Belt"},{"name":"gb15","speed":30.9123,"impact":1.932,"start":0,"route":"Great-Belt"},{"name":"gb16","speed":22.1747,"impact":1.3859,"start":0,"route":"Great-Belt"},{"name":"gb17","speed":29.5773,"impact":1.8486,"start":0,"route":"Great-Belt"},{"name":"gb18","speed":38.0197,"impact":2.3762,"start":0,"route":"Great-Belt"},{"name":"gb19","speed":30.4917,"impact":1.9057,"start":0,"route":"Great-Belt"},{"name":"gb20","speed":30.2069,"impact":1.8879,"start":0,"route":"Great-Belt"},{"name":"gb21","speed":26.3292,"impact":1.6456,"start":0,"route":"Great-Belt"},{"name":"gb22","speed":29.8459,"impact":1.8654,"start":0,"route":"Great-Belt"},{"name":"gb23","speed":31.1617,"impact":1.9476,"start":0,"route":"Great-Belt"},{"name":"gb24","speed":32.1319,"impact":2.0082,"start":0,"route":"Great-Belt"},{"name":"gb25","speed":28.136,"impact":1.7585,"start":0,"route":"Great-Belt"},{"name":"gb26","speed":28.8177,"impact":1.8011,"start":0,"route":"Great-Belt"},{"name":"gb27","speed":40.1185,"impact":2.5074,"start":0,"route":"Great-Belt"},{"name":"gb28","speed":18.7082,"impact":1.1693,"start":0,"route":"Great-Belt"},{"name":"gb29","speed":41.1472,"impact":2.5717,"start":0,"route":"Great-Belt"},{"name":"gb30","speed":31.6878,"impact":1.9805,"start":0,"route":"Great-Belt"},{"name":"gb31","speed":35.0003,"impact":2.1875,"start":0,"route":"Great-Belt"},{"name":"gb32","speed":21.6792,"impact":1.3549,"start":0,"route":"Great-Belt"},{"name":"gb33","speed":27.0498,"impact":1.6906,"start":0,"route":"Great-Belt"},{"name":"gb34","speed":28.6097,"impact":1.7881,"start":0,"route":"Great-Belt"},{"name":"gb35","speed":32.1136,"impact":2.0071,"start":0,"route":"Great-Belt"},{"name":"gb36","speed":21.649,"impact":1.3531,"start":0,"route":"Great-Belt"},{"name":"gb37","speed":32.3582,"impact":2.0224,"start":0,"route":"Great-Belt"},{"name":"gb38","speed":23.9358,"impact":1.496,"start":0,"route":"Great-Belt"},{"name":"gb39","speed":30.331,"impact":1.8957,"start":0,"route":"Great-Belt"},{"name":"gb40","speed":33.2618,"impact":2.0789,"start":0,"route":"Great-Belt"},{"name":"gb41","speed":31.6353,"impact":1.9772,"start":0,"route":"Great-Belt"},{"name":"gb42","speed":35.4132,"impact":2.2133,"start":0,"route":"Great-Belt"},{"name":"gb43","speed":35.0304,"impact":2.1894,"start":0,"route":"Great-Belt"},{"name":"gb44","speed":26.7455,"impact":1.6716,"start":0,"route":"Great-Belt"},{"name":"gb45","speed":31.2853,"impact":1.9553,"start":0,"route":"Great-Belt"},{"name":"gb46","speed":25.2781,"impact":1.5799,"start":0,"route":"Great-Belt"},{"name":"gb47","speed":23.3911,"impact":1.4619,"start":0,"route":"Great-Belt"},{"name":"gb48","speed":34.6241,"impact":2.164,"start":0,"route":"Great-Belt"},{"name":"gb49","speed":30.0002,"impact":1.875,"start":0,"route":"Great-Belt"},{"name":"gb50","speed":29.7254,"impact":1.8578,"start":0,"route":"Great-Belt"},{"name":"kat1","speed":32.6003,"impact":2.0375,"start":0,"route":"Kattegat-Sound"},{"name":"kat2","speed":29.8999,"impact":1.8687,"start":0,"route":"Kattegat-Sound"},{"name":"kat3","speed":29.8261,"impact":1.8641,"start":0,"route":"Kattegat-Sound"},{"name":"kat4","speed":26.0092,"impact":1.6256,"start":0,"route":"Kattegat-Sound"},{"name":"kat5","speed":35.0934,"impact":2.1933,"start":0,"route":"Kattegat-Sound"},{"name":"kat6","speed":29.3339,"impact":1.8334,"start":0,"route":"Kattegat-Sound"},{"name":"kat7","speed":26.4273,"impact":1.6517,"start":0,"route":"Kattegat-Sound"},{"name":"kat8","speed":36.7569,"impact":2.2973,"start":0,"route":"Kattegat-Sound"},{"name":"kat9","speed":28.8761,"impact":1.8048,"start":0,"route":"Kattegat-Sound"},{"name":"kat10","speed":27.0549,"impact":1.6909,"start":0,"route":"Kattegat-Sound"},{"name":"kat11","speed":28.5312,"impact":1.7832,"start":0,"route":"Kattegat-Sound"},{"name":"kat12","speed":25.7604,"impact":1.61,"start":0,"route":"Kattegat-Sound"},{"name":"kat13","speed":24.3994,"impact":1.525,"start":0,"route":"Kattegat-Sound"},{"name":"kat14","speed":42.63,"impact":2.6644,"start":0,"route":"Kattegat-Sound"},{"name":"kat15","speed":38.2775,"impact":2.3923,"start":0,"route":"Kattegat-Sound"},{"name":"kat16","speed":31.5377,"impact":1.9711,"start":0,"route":"Kattegat-Sound"},{"name":"kat17","speed":23.7144,"impact":1.4822,"start":0,"route":"Kattegat-Sound"},{"name":"kat18","speed":25.6727,"impact":1.6045,"start":0,"route":"Kattegat-Sound"},{"name":"kat19","speed":29.1173,"impact":1.8198,"start":0,"route":"Kattegat-Sound"},{"name":"kat20","speed":33.9571,"impact":2.1223,"start":0,"route":"Kattegat-Sound"},{"name":"kat21","speed":23.34,"impact":1.4587,"start":0,"route":"Kattegat-Sound"},{"name":"kat22","speed":18.3507,"impact":1.1469,"start":0,"route":"Kattegat-Sound"},{"name":"kat23","speed":22.7545,"impact":1.4222,"start":0,"route":"Kattegat-Sound"},{"name":"kat24","speed":31.6676,"impact":1.9792,"start":0,"route":"Kattegat-Sound"},{"name":"kat25","speed":31.9568,"impact":1.9973,"start":0,"route":"Kattegat-Sound"},{"name":"kat26","speed":32.2584,"impact":2.0161,"start":0,"route":"Kattegat-Sound"},{"name":"kat27","speed":29.3486,"impact":1.8343,"start":0,"route":"Kattegat-Sound"},{"name":"kat28","speed":30.9184,"impact":1.9324,"start":0,"route":"Kattegat-Sound"},{"name":"kat29","speed":27.6192,"impact":1.7262,"start":0,"route":"Kattegat-Sound"},{"name":"kat30","speed":34.3101,"impact":2.1444,"start":0,"route":"Kattegat-Sound"},{"name":"kat31","speed":23.1915,"impact":1.4495,"start":0,"route":"Kattegat-Sound"},{"name":"kat32","speed":32.2751,"impact":2.0172,"start":0,"route":"Kattegat-Sound"},{"name":"kat33","speed":25.7565,"impact":1.6098,"start":0,"route":"Kattegat-Sound"},{"name":"kat34","speed":28.3256,"impact":1.7703,"start":0,"route":"Kattegat-Sound"},{"name":"kat35","speed":32.7639,"impact":2.0477,"start":0,"route":"Kattegat-Sound"},{"name":"kat36","speed":35.1955,"impact":2.1997,"start":0,"route":"Kattegat-Sound"},{"name":"kat37","speed":24.4118,"impact":1.5257,"start":0,"route":"Kattegat-Sound"},{"name":"kat38","speed":36.3033,"impact":2.269,"start":0,"route":"Kattegat-Sound"},{"name":"kat39","speed":33.3007,"impact":2.0813,"start":0,"route":"Kattegat-Sound"},{"name":"kat40","speed":29.6607,"impact":1.8538,"start":0,"route":"Kattegat-Sound"},{"name":"kat41","speed":29.0239,"impact":1.814,"start":0,"route":"Kattegat-Sound"},{"name":"kat42","speed":28.912,"impact":1.807,"start":0,"route":"Kattegat-Sound"},{"name":"kat43","speed":28.4845,"impact":1.7803,"start":0,"route":"Kattegat-Sound"},{"name":"kat44","speed":30.1152,"impact":1.8822,"start":0,"route":"Kattegat-Sound"},{"name":"kat45","speed":30.2565,"impact":1.891,"start":0,"route":"Kattegat-Sound"},{"name":"kat46","speed":34.1303,"impact":2.1331,"start":0,"route":"Kattegat-Sound"},{"name":"kat47","speed":37.6349,"impact":2.3522,"start":0,"route":"Kattegat-Sound"},{"name":"kat48","speed":32.3346,"impact":2.0209,"start":0,"route":"Kattegat-Sound"},{"name":"kat49","speed":28.9514,"impact":1.8095,"start":0,"route":"Kattegat-Sound"},{"name":"kat50","speed":33.126,"impact":2.0704,"start":0,"route":"Kattegat-Sound"},{"name":"kat51","speed":30.9161,"impact":1.9323,"start":0,"route":"Kattegat-Sound"},{"name":"kat52","speed":24.8512,"impact":1.5532,"start":0,"route":"Kattegat-Sound"},{"name":"kat53","speed":34.7461,"impact":2.1716,"start":0,"route":"Kattegat-Sound"},{"name":"kat54","speed":31.5353,"impact":1.971,"start":0,"route":"Kattegat-Sound"},{"name":"kat55","speed":30.6759,"impact":1.9172,"start":0,"route":"Kattegat-Sound"},{"name":"kat56","speed":32.5762,"impact":2.036,"start":0,"route":"Kattegat-Sound"},{"name":"kat57","speed":31.307,"impact":1.9567,"start":0,"route":"Kattegat-Sound"},{"name":"kat58","speed":25.2926,"impact":1.5808,"start":0,"route":"Kattegat-Sound"},{"name":"kat59","speed":29.1883,"impact":1.8243,"start":0,"route":"Kattegat-Sound"},{"name":"kat60","speed":29.2697,"impact":1.8294,"start":0,"route":"Kattegat-Sound"},{"name":"kat61","speed":27.3399,"impact":1.7087,"start":0,"route":"Kattegat-Sound"},{"name":"kat62","speed":38.4105,"impact":2.4007,"start":0,"route":"Kattegat-Sound"},{"name":"kat63","speed":25.6214,"impact":1.6013,"start":0,"route":"Kattegat-Sound"},{"name":"kat64","speed":27.5809,"impact":1.7238,"start":0,"route":"Kattegat-Sound"},{"name":"kat65","speed":26.44,"impact":1.6525,"start":0,"route":"Kattegat-Sound"},{"name":"kat66","speed":24.1289,"impact":1.5081,"start":0,"route":"Kattegat-Sound"},{"name":"kat67","speed":29.0388,"impact":1.8149,"start":0,"route":"Kattegat-Sound"},{"name":"kat68","speed":28.6296,"impact":1.7894,"start":0,"route":"Kattegat-Sound"},{"name":"kat69","speed":37.6504,"impact":2.3531,"start":0,"route":"Kattegat-Sound"},{"name":"kat70","speed":28.7549,"impact":1.7972,"start":0,"route":"Kattegat-Sound"},{"name":"kat71","speed":24.6789,"impact":1.5424,"start":0,"route":"Kattegat-Sound"},{"name":"kat72","speed":38.0173,"impact":2.3761,"start":0,"route":"Kattegat-Sound"},{"name":"kat73","speed":36.1734,"impact":2.2608,"start":0,"route":"Kattegat-Sound"},{"name":"kat74","speed":28.8519,"impact":1.8032,"start":0,"route":"Kattegat-Sound"},{"name":"kat75","speed":22.4692,"impact":1.4043,"start":0,"route":"Kattegat-Sound"},{"name":"kat76","speed":27.7769,"impact":1.7361,"start":0,"route":"Kattegat-Sound"},{"name":"kat77","speed":29.2203,"impact":1.8263,"start":0,"route":"Kattegat-Sound"},{"name":"kat78","speed":31.3803,"impact":1.9613,"start":0,"route":"Kattegat-Sound"},{"name":"kat79","speed":28.6942,"impact":1.7934,"start":0,"route":"Kattegat-Sound"},{"name":"kat80","speed":32.2171,"impact":2.0136,"start":0,"route":"Kattegat-Sound"}]}
