{
	"routes": [
		{
			"name": "Aarhus-Odden",
			"route": [
				{ "x": 119, "y": 633 },
				{ "x": 157, "y": 605 },
				{ "x": 197, "y": 597 },
				{ "x": 288, "y": 584 }
			]
		},
		{
			"name": "Great-Belt",
			"route": [
				{ "x": 288.66, "y": 999 },
				{ "x": 366.56, "y": 804.34 },
				{ "x": 210.04, "y": 539.42 },
				{ "x": 205.78, "y": 489.69 },
				{ "x": 249.14, "y": 404.9 },
				{ "x": 259.2, "y": 369.07 },
				{ "x": 249.49, "y": 308.61 },
				{ "x": 225.86, "y": 263.82 },
				{ "x": 228.83, "y": 227.3 },
				{ "x": 377.59, "y": 154.1 },
				{ "x": 438.14, "y": 156.74 },
				{ "x": 445.4, "y": 168 },
				{ "x": 524.38, "y": 261.43 },
				{ "x": 599, "y": 315.93 }
			]
		},
		{
			"name": "Kattegat-Sound",
			"route": [
				{"x": 288.66, "y": 999 },
				{"x": 366.56, "y": 804.34 },
				{"x": 401.52, "y": 678.13 },
				{"x": 478, "y": 628 },
				{"x": 487.77, "y": 620.61 },
				{"x": 508.29, "y": 575 },
				{"x": 542.26, "y": 500.6 },
				{"x": 506.3, "y": 407.47 },
				{"x": 599, "y": 315.93 }
			]
		}
	],
	"ships": [
		{
			"name": "ao1",
			"speed": 28,
			"impact": 3.75,
			"start": 0,
			"route": "Aarhus-Odden"
		},
		{
			"name": "ao2",
			"speed": 28,
			"impact": 3.75,
			"start": 0,
			"route": "Aarhus-Odden"
		},
		{
			"name": "gb1",
			"speed": 31.95947105,
			"impact": 1.99746694,
			"start": 0,
			"route": "Great-Belt"
		},
		{
			"name": "gb2",
			"speed": 23.74660547,
			"impact": 1.484162842,
			"start": 0,
			"route": "Great-Belt"
		},
		{
			"name": "gb3",
			"speed": 25.26019539,
			"impact": 1.578762212,
			"start": 0,
			"route": "Great-Belt"
		},
		{
			"name": "gb4",
			"speed": 26.29446953,
			"impact": 1.643404346,
			"start": 0,
			"route": "Great-Belt"
		},
		{
			"name": "gb5",
			"speed": 27.46091225,
			"impact": 1.716307016,
			"start": 0,
			"route": "Great-Belt"
		},
		{
			"name": "gb6",
			"speed": 28.39712247,
			"impact": 1.774820154,
			"start": 0,
			"route": "Great-Belt"
		},
		{
			"name": "gb7",
			"speed": 30.06234521,
			"impact": 1.878896575,
			"start": 0,
			"route": "Great-Belt"
		},
		{
			"name": "gb8",
			"speed": 14.85411329,
			"impact": 0.928382081,
			"start": 0,
			"route": "Great-Belt"
		},
		{
			"name": "gb9",
			"speed": 27.7149268,
			"impact": 1.732182925,
			"start": 0,
			"route": "Great-Belt"
		},
		{
			"name": "gb10",
			"speed": 36.21224203,
			"impact": 2.263265127,
			"start": 0,
			"route": "Great-Belt"
		},
		{
			"name": "gb11",
			"speed": 24.66649301,
			"impact": 1.541655813,
			"start": 0,
			"route": "Great-Belt"
		},
		{
			"name": "gb12",
			"speed": 34.66864081,
			"impact": 2.166790051,
			"start": 0,
			"route": "Great-Belt"
		},
		{
			"name": "gb13",
			"speed": 31.75160501,
			"impact": 1.984475313,
			"start": 0,
			"route": "Great-Belt"
		},
		{
			"name": "gb14",
			"speed": 29.85497118,
			"impact": 1.865935699,
			"start": 0,
			"route": "Great-Belt"
		},
		{
			"name": "gb15",
			"speed": 30.91226084,
			"impact": 1.932016302,
			"start": 0,
			"route": "Great-Belt"
		},
		{
			"name": "gb16",
			"speed": 22.17471993,
			"impact": 1.385919996,
			"start": 0,
			"route": "Great-Belt"
		},
		{
			"name": "gb17",
			"speed": 29.5773026,
			"impact": 1.848581413,
			"start": 0,
			"route": "Great-Belt"
		},
		{
			"name": "gb18",
			"speed": 38.01973175,
			"impact": 2.376233235,
			"start": 0,
			"route": "Great-Belt"
		},
		{
			"name": "gb19",
			"speed": 30.49173887,
			"impact": 1.90573368,
			"start": 0,
			"route": "Great-Belt"
		},
		{
			"name": "gb20",
			"speed": 30.20686807,
			"impact": 1.887929254,
			"start": 0,
			"route": "Great-Belt"
		},
		{
			"name": "gb21",
			"speed": 26.32915444,
			"impact": 1.645572152,
			"start": 0,
			"route": "Great-Belt"
		},
		{
			"name": "gb22",
			"speed": 29.84593135,
			"impact": 1.865370709,
			"start": 0,
			"route": "Great-Belt"
		},
		{
			"name": "gb23",
			"speed": 31.16173506,
			"impact": 1.947608441,
			"start": 0,
			"route": "Great-Belt"
		},
		{
			"name": "gb24",
			"speed": 32.13193779,
			"impact": 2.008246112,
			"start": 0,
			"route": "Great-Belt"
		},
		{
			"name": "gb25",
			"speed": 28.13595629,
			"impact": 1.758497268,
			"start": 0,
			"route": "Great-Belt"
		},
		{
			"name": "gb26",
			"speed": 28.81772708,
			"impact": 1.801107943,
			"start": 0,
			"route": "Great-Belt"
		},
		{
			"name": "gb27",
			"speed": 40.11845443,
			"impact": 2.507403402,
			"start": 0,
			"route": "Great-Belt"
		},
		{
			"name": "gb28",
			"speed": 18.70823015,
			"impact": 1.169264384,
			"start": 0,
			"route": "Great-Belt"
		},
		{
			"name": "gb29",
			"speed": 41.1472284,
			"impact": 2.571701775,
			"start": 0,
			"route": "Great-Belt"
		},
		{
			"name": "gb30",
			"speed": 31.6878185,
			"impact": 1.980488656,
			"start": 0,
			"route": "Great-Belt"
		},
		{
			"name": "gb31",
			"speed": 35.0003041,
			"impact": 2.187519006,
			"start": 0,
			"route": "Great-Belt"
		},
		{
			"name": "gb32",
			"speed": 21.67917763,
			"impact": 1.354948602,
			"start": 0,
			"route": "Great-Belt"
		},
		{
			"name": "gb33",
			"speed": 27.04982718,
			"impact": 1.690614199,
			"start": 0,
			"route": "Great-Belt"
		},
		{
			"name": "gb34",
			"speed": 28.60967918,
			"impact": 1.788104949,
			"start": 0,
			"route": "Great-Belt"
		},
		{
			"name": "gb35",
			"speed": 32.11357846,
			"impact": 2.007098654,
			"start": 0,
			"route": "Great-Belt"
		},
		{
			"name": "gb36",
			"speed": 21.64899651,
			"impact": 1.353062282,
			"start": 0,
			"route": "Great-Belt"
		},
		{
			"name": "gb37",
			"speed": 32.35817163,
			"impact": 2.022385727,
			"start": 0,
			"route": "Great-Belt"
		},
		{
			"name": "gb38",
			"speed": 23.935764,
			"impact": 1.49598525,
			"start": 0,
			"route": "Great-Belt"
		},
		{
			"name": "gb39",
			"speed": 30.33095024,
			"impact": 1.89568439,
			"start": 0,
			"route": "Great-Belt"
		},
		{
			"name": "gb40",
			"speed": 33.26177944,
			"impact": 2.078861215,
			"start": 0,
			"route": "Great-Belt"
		},
		{
			"name": "gb41",
			"speed": 31.63529984,
			"impact": 1.97720624,
			"start": 0,
			"route": "Great-Belt"
		},
		{
			"name": "gb42",
			"speed": 35.41316752,
			"impact": 2.21332297,
			"start": 0,
			"route": "Great-Belt"
		},
		{
			"name": "gb43",
			"speed": 35.03038555,
			"impact": 2.189399097,
			"start": 0,
			"route": "Great-Belt"
		},
		{
			"name": "gb44",
			"speed": 26.74546132,
			"impact": 1.671591332,
			"start": 0,
			"route": "Great-Belt"
		},
		{
			"name": "gb45",
			"speed": 31.28528079,
			"impact": 1.955330049,
			"start": 0,
			"route": "Great-Belt"
		},
		{
			"name": "gb46",
			"speed": 25.27811097,
			"impact": 1.579881935,
			"start": 0,
			"route": "Great-Belt"
		},
		{
			"name": "gb47",
			"speed": 23.39105739,
			"impact": 1.461941087,
			"start": 0,
			"route": "Great-Belt"
		},
		{
			"name": "gb48",
			"speed": 34.62412967,
			"impact": 2.164008104,
			"start": 0,
			"route": "Great-Belt"
		},
		{
			"name": "gb49",
			"speed": 30.00024925,
			"impact": 1.875015578,
			"start": 0,
			"route": "Great-Belt"
		},
		{
			"name": "gb50",
			"speed": 29.72540543,
			"impact": 1.857837839,
			"start": 0,
			"route": "Great-Belt"
		},
		{
			"name": "kat1",
			"speed": 32.60030051,
			"impact": 2.037518782,
			"start": 0,
			"route": "Kattegat-Sound"
		},
		{
			"name": "kat2",
			"speed": 29.89986074,
			"impact": 1.868741296,
			"start": 0,
			"route": "Kattegat-Sound"
		},
		{
			"name": "kat3",
			"speed": 29.82614457,
			"impact": 1.864134036,
			"start": 0,
			"route": "Kattegat-Sound"
		},
		{
			"name": "kat4",
			"speed": 26.00918208,
			"impact": 1.62557388,
			"start": 0,
			"route": "Kattegat-Sound"
		},
		{
			"name": "kat5",
			"speed": 35.09342641,
			"impact": 2.193339151,
			"start": 0,
			"route": "Kattegat-Sound"
		},
		{
			"name": "kat6",
			"speed": 29.3339126,
			"impact": 1.833369538,
			"start": 0,
			"route": "Kattegat-Sound"
		},
		{
			"name": "kat7",
			"speed": 26.42734918,
			"impact": 1.651709324,
			"start": 0,
			"route": "Kattegat-Sound"
		},
		{
			"name": "kat8",
			"speed": 36.75692884,
			"impact": 2.297308053,
			"start": 0,
			"route": "Kattegat-Sound"
		},
		{
			"name": "kat9",
			"speed": 28.87614472,
			"impact": 1.804759045,
			"start": 0,
			"route": "Kattegat-Sound"
		},
		{
			"name": "kat10",
			"speed": 27.05485485,
			"impact": 1.690928428,
			"start": 0,
			"route": "Kattegat-Sound"
		},
		{
			"name": "kat11",
			"speed": 28.53123201,
			"impact": 1.783202001,
			"start": 0,
			"route": "Kattegat-Sound"
		},
		{
			"name": "kat12",
			"speed": 25.76036878,
			"impact": 1.610023049,
			"start": 0,
			"route": "Kattegat-Sound"
		},
		{
			"name": "kat13",
			"speed": 24.39935849,
			"impact": 1.524959906,
			"start": 0,
			"route": "Kattegat-Sound"
		},
		{
			"name": "kat14",
			"speed": 42.62999846,
			"impact": 2.664374904,
			"start": 0,
			"route": "Kattegat-Sound"
		},
		{
			"name": "kat15",
			"speed": 38.27748796,
			"impact": 2.392342998,
			"start": 0,
			"route": "Kattegat-Sound"
		},
		{
			"name": "kat16",
			"speed": 31.5376758,
			"impact": 1.971104737,
			"start": 0,
			"route": "Kattegat-Sound"
		},
		{
			"name": "kat17",
			"speed": 23.7144082,
			"impact": 1.482150513,
			"start": 0,
			"route": "Kattegat-Sound"
		},
		{
			"name": "kat18",
			"speed": 25.67265985,
			"impact": 1.60454124,
			"start": 0,
			"route": "Kattegat-Sound"
		},
		{
			"name": "kat19",
			"speed": 29.11732943,
			"impact": 1.819833089,
			"start": 0,
			"route": "Kattegat-Sound"
		},
		{
			"name": "kat20",
			"speed": 33.95708031,
			"impact": 2.122317519,
			"start": 0,
			"route": "Kattegat-Sound"
		},
		{
			"name": "kat21",
			"speed": 23.33997789,
			"impact": 1.458748618,
			"start": 0,
			"route": "Kattegat-Sound"
		},
		{
			"name": "kat22",
			"speed": 18.35066422,
			"impact": 1.146916514,
			"start": 0,
			"route": "Kattegat-Sound"
		},
		{
			"name": "kat23",
			"speed": 22.75451354,
			"impact": 1.422157096,
			"start": 0,
			"route": "Kattegat-Sound"
		},
		{
			"name": "kat24",
			"speed": 31.66755417,
			"impact": 1.979222135,
			"start": 0,
			"route": "Kattegat-Sound"
		},
		{
			"name": "kat25",
			"speed": 31.95676802,
			"impact": 1.997298001,
			"start": 0,
			"route": "Kattegat-Sound"
		},
		{
			"name": "kat26",
			"speed": 32.25839709,
			"impact": 2.016149818,
			"start": 0,
			"route": "Kattegat-Sound"
		},
		{
			"name": "kat27",
			"speed": 29.34857673,
			"impact": 1.834286046,
			"start": 0,
			"route": "Kattegat-Sound"
		},
		{
			"name": "kat28",
			"speed": 30.91844548,
			"impact": 1.932402842,
			"start": 0,
			"route": "Kattegat-Sound"
		},
		{
			"name": "kat29",
			"speed": 27.61923492,
			"impact": 1.726202182,
			"start": 0,
			"route": "Kattegat-Sound"
		},
		{
			"name": "kat30",
			"speed": 34.31010806,
			"impact": 2.144381754,
			"start": 0,
			"route": "Kattegat-Sound"
		},
		{
			"name": "kat31",
			"speed": 23.19152765,
			"impact": 1.449470478,
			"start": 0,
			"route": "Kattegat-Sound"
		},
		{
			"name": "kat32",
			"speed": 32.27514778,
			"impact": 2.017196736,
			"start": 0,
			"route": "Kattegat-Sound"
		},
		{
			"name": "kat33",
			"speed": 25.7564531,
			"impact": 1.609778319,
			"start": 0,
			"route": "Kattegat-Sound"
		},
		{
			"name": "kat34",
			"speed": 28.32556531,
			"impact": 1.770347832,
			"start": 0,
			"route": "Kattegat-Sound"
		},
		{
			"name": "kat35",
			"speed": 32.76391673,
			"impact": 2.047744796,
			"start": 0,
			"route": "Kattegat-Sound"
		},
		{
			"name": "kat36",
			"speed": 35.19545327,
			"impact": 2.199715829,
			"start": 0,
			"route": "Kattegat-Sound"
		},
		{
			"name": "kat37",
			"speed": 24.41180658,
			"impact": 1.525737911,
			"start": 0,
			"route": "Kattegat-Sound"
		},
		{
			"name": "kat38",
			"speed": 36.30329355,
			"impact": 2.268955847,
			"start": 0,
			"route": "Kattegat-Sound"
		},
		{
			"name": "kat39",
			"speed": 33.30071571,
			"impact": 2.081294732,
			"start": 0,
			"route": "Kattegat-Sound"
		},
		{
			"name": "kat40",
			"speed": 29.66067223,
			"impact": 1.853792015,
			"start": 0,
			"route": "Kattegat-Sound"
		},
		{
			"name": "kat41",
			"speed": 29.02389401,
			"impact": 1.813993376,
			"start": 0,
			"route": "Kattegat-Sound"
		},
		{
			"name": "kat42",
			"speed": 28.91196825,
			"impact": 1.806998016,
			"start": 0,
			"route": "Kattegat-Sound"
		},
		{
			"name": "kat43",
			"speed": 28.48446189,
			"impact": 1.780278868,
			"start": 0,
			"route": "Kattegat-Sound"
		},
		{
			"name": "kat44",
			"speed": 30.11522812,
			"impact": 1.882201758,
			"start": 0,
			"route": "Kattegat-Sound"
		},
		{
			"name": "kat45",
			"speed": 30.25645178,
			"impact": 1.891028236,
			"start": 0,
			"route": "Kattegat-Sound"
		},
		{
			"name": "kat46",
			"speed": 34.13031395,
			"impact": 2.133144622,
			"start": 0,
			"route": "Kattegat-Sound"
		},
		{
			"name": "kat47",
			"speed": 37.63488343,
			"impact": 2.352180215,
			"start": 0,
			"route": "Kattegat-Sound"
		},
		{
			"name": "kat48",
			"speed": 32.33457218,
			"impact": 2.020910761,
			"start": 0,
			"route": "Kattegat-Sound"
		},
		{
			"name": "kat49",
			"speed": 28.95143331,
			"impact": 1.809464582,
			"start": 0,
			"route": "Kattegat-Sound"
		},
		{
			"name": "kat50",
			"speed": 33.12595179,
			"impact": 2.070371987,
			"start": 0,
			"route": "Kattegat-Sound"
		},
		{
			"name": "kat51",
			"speed": 30.91613632,
			"impact": 1.93225852,
			"start": 0,
			"route": "Kattegat-Sound"
		},
		{
			"name": "kat52",
			"speed": 24.85116228,
			"impact": 1.553197643,
			"start": 0,
			"route": "Kattegat-Sound"
		},
		{
			"name": "kat53",
			"speed": 34.74610916,
			"impact": 2.171631822,
			"start": 0,
			"route": "Kattegat-Sound"
		},
		{
			"name": "kat54",
			"speed": 31.5353096,
			"impact": 1.97095685,
			"start": 0,
			"route": "Kattegat-Sound"
		},
		{
			"name": "kat55",
			"speed": 30.67587471,
			"impact": 1.917242169,
			"start": 0,
			"route": "Kattegat-Sound"
		},
		{
			"name": "kat56",
			"speed": 32.57623168,
			"impact": 2.03601448,
			"start": 0,
			"route": "Kattegat-Sound"
		},
		{
			"name": "kat57",
			"speed": 31.30703162,
			"impact": 1.956689476,
			"start": 0,
			"route": "Kattegat-Sound"
		},
		{
			"name": "kat58",
			"speed": 25.29257115,
			"impact": 1.580785697,
			"start": 0,
			"route": "Kattegat-Sound"
		},
		{
			"name": "kat59",
			"speed": 29.18831164,
			"impact": 1.824269477,
			"start": 0,
			"route": "Kattegat-Sound"
		},
		{
			"name": "kat60",
			"speed": 29.26972683,
			"impact": 1.829357927,
			"start": 0,
			"route": "Kattegat-Sound"
		},
		{
			"name": "kat61",
			"speed": 27.33994312,
			"impact": 1.708746445,
			"start": 0,
			"route": "Kattegat-Sound"
		},
		{
			"name": "kat62",
			"speed": 38.41051797,
			"impact": 2.400657373,
			"start": 0,
			"route": "Kattegat-Sound"
		},
		{
			"name": "kat63",
			"speed": 25.62135327,
			"impact": 1.601334579,
			"start": 0,
			"route": "Kattegat-Sound"
		},
		{
			"name": "kat64",
			"speed": 27.58092475,
			"impact": 1.723807797,
			"start": 0,
			"route": "Kattegat-Sound"
		},
		{
			"name": "kat65",
			"speed": 26.43997725,
			"impact": 1.652498578,
			"start": 0,
			"route": "Kattegat-Sound"
		},
		{
			"name": "kat66",
			"speed": 24.12893834,
			"impact": 1.508058646,
			"start": 0,
			"route": "Kattegat-Sound"
		},
		{
			"name": "kat67",
			"speed": 29.03880241,
			"impact": 1.814925151,
			"start": 0,
			"route": "Kattegat-Sound"
		},
		{
			"name": "kat68",
			"speed": 28.62964885,
			"impact": 1.789353053,
			"start": 0,
			"route": "Kattegat-Sound"
		},
		{
			"name": "kat69",
			"speed": 37.65036257,
			"impact": 2.353147661,
			"start": 0,
			"route": "Kattegat-Sound"
		},
		{
			"name": "kat70",
			"speed": 28.75487629,
			"impact": 1.797179768,
			"start": 0,
			"route": "Kattegat-Sound"
		},
		{
			"name": "kat71",
			"speed": 24.67893294,
			"impact": 1.542433308,
			"start": 0,
			"route": "Kattegat-Sound"
		},
		{
			"name": "kat72",
			"speed": 38.01728649,
			"impact": 2.376080406,
			"start": 0,
			"route": "Kattegat-Sound"
		},
		{
			"name": "kat73",
			"speed": 36.17339573,
			"impact": 2.260837233,
			"start": 0,
			"route": "Kattegat-Sound"
		},
		{
			"name": "kat74",
			"speed": 28.85186775,
			"impact": 1.803241734,
			"start": 0,
			"route": "Kattegat-Sound"
		},
		{
			"name": "kat75",
			"speed": 22.46920148,
			"impact": 1.404325093,
			"start": 0,
			"route": "Kattegat-Sound"
		},
		{
			"name": "kat76",
			"speed": 27.77686092,
			"impact": 1.736053807,
			"start": 0,
			"route": "Kattegat-Sound"
		},
		{
			"name": "kat77",
			"speed": 29.22029482,
			"impact": 1.826268426,
			"start": 0,
			"route": "Kattegat-Sound"
		},
		{
			"name": "kat78",
			"speed": 31.38034127,
			"impact": 1.961271329,
			"start": 0,
			"route": "Kattegat-Sound"
		},
		{
			"name": "kat79",
			"speed": 28.69418177,
			"impact": 1.793386361,
			"start": 0,
			"route": "Kattegat-Sound"
		},
		{
			"name": "kat80",
			"speed": 32.21710956,
			"impact": 2.013569348,
			"start": 0,
			"route": "Kattegat-Sound"
		}
	]
}
