<repast.simphony.data2.engine.DataSetDescriptor>
  <name>PorpoisePerBlock</name>
  <type>NON_AGGREGATE</type>
  <sourceType>dk.au.bios.porpoise.Block</sourceType>
  <inclTick>true</inclTick>
  <inclBatchRun>false</inclBatchRun>
  <inclRandomSeed>false</inclRandomSeed>
  <scheduleParams>
    <start>1.0</start>
    <interval>1.0</interval>
    <priority>-Infinity</priority>
    <pType>LAST</pType>
    <duration>-1.0</duration>
    <frequency>REPEAT</frequency>
    <hashCode>709378248</hashCode>
  </scheduleParams>
  <atEnd>false</atEnd>
  <methodDataSources class="linked-hash-map">
    <entry>
      <string>Block</string>
      <repast.simphony.data2.engine.MethodDataSourceDefinition>
        <id>Block</id>
        <className>dk.au.bios.porpoise.Block</className>
        <methodName>getId</methodName>
      </repast.simphony.data2.engine.MethodDataSourceDefinition>
    </entry>
    <entry>
      <string>PorpoiseCount</string>
      <repast.simphony.data2.engine.MethodDataSourceDefinition>
        <id>PorpoiseCount</id>
        <className>dk.au.bios.porpoise.Block</className>
        <methodName>getPorpoiseCount</methodName>
      </repast.simphony.data2.engine.MethodDataSourceDefinition>
    </entry>
  </methodDataSources>
  <countSources class="linked-hash-map"/>
  <customNADataSources class="linked-hash-map"/>
  <customAggDataSources class="linked-hash-map"/>
</repast.simphony.data2.engine.DataSetDescriptor>