<repast.simphony.data2.engine.DataSetDescriptor>
  <name>PorpDispersal</name>
  <type>AGGREGATE</type>
  <inclTick>true</inclTick>
  <inclBatchRun>false</inclBatchRun>
  <inclRandomSeed>false</inclRandomSeed>
  <scheduleParams>
    <start>1.0</start>
    <interval>48.0</interval>
    <priority>-Infinity</priority>
    <pType>LAST</pType>
    <duration>-1.0</duration>
    <frequency>REPEAT</frequency>
    <hashCode>-1615597647</hashCode>
  </scheduleParams>
  <atEnd>false</atEnd>
  <methodDataSources class="linked-hash-map">
    <entry>
      <string>porpDisp3</string>
      <repast.simphony.data2.engine.MethodDataSourceDefinition>
        <id>porpDisp3</id>
        <className>dk.au.bios.porpoise.Porpoise</className>
        <methodName>getIsInDisp3Mode</methodName>
        <aggType>SUM</aggType>
      </repast.simphony.data2.engine.MethodDataSourceDefinition>
    </entry>
    <entry>
      <string>porpDisp3Mean</string>
      <repast.simphony.data2.engine.MethodDataSourceDefinition>
        <id>porpDisp3Mean</id>
        <className>dk.au.bios.porpoise.Porpoise</className>
        <methodName>getIsInDisp3Mode</methodName>
        <aggType>MEAN</aggType>
      </repast.simphony.data2.engine.MethodDataSourceDefinition>
    </entry>
  </methodDataSources>
  <countSources class="linked-hash-map"/>
  <customNADataSources class="linked-hash-map"/>
  <customAggDataSources class="linked-hash-map"/>
</repast.simphony.data2.engine.DataSetDescriptor>