<repast.simphony.chart2.engine.HistogramChartDescriptor>
  <name>Histogram Chart</name>
  <dataSet>Energy level</dataSet>
  <xAxisLabel>Energy</xAxisLabel>
  <yAxisLabel>Porpoise Count</yAxisLabel>
  <chartTitle>Energy Level</chartTitle>
  <type>HISTOGRAM</type>
  <background>
    <red>192</red>
    <green>192</green>
    <blue>192</blue>
    <alpha>255</alpha>
  </background>
  <gridLineColor>
    <red>255</red>
    <green>255</green>
    <blue>255</blue>
    <alpha>255</alpha>
  </gridLineColor>
  <showGrid>true</showGrid>
  <showLegend>true</showLegend>
  <histType>STATIC</histType>
  <binCount>20</binCount>
  <sourceId>EnergyLevel</sourceId>
  <outOfRange>IGNORE</outOfRange>
  <min>0.0</min>
  <max>20.0</max>
  <barColor>
    <red>255</red>
    <green>0</green>
    <blue>0</blue>
    <alpha>255</alpha>
  </barColor>
</repast.simphony.chart2.engine.HistogramChartDescriptor>