<repast.simphony.data2.engine.DataSetDescriptor>
  <name>Random Porpoise</name>
  <type>NON_AGGREGATE</type>
  <sourceType>dk.au.bios.porpoise.RandomPorpoiseReportProxy</sourceType>
  <inclTick>true</inclTick>
  <inclBatchRun>false</inclBatchRun>
  <inclRandomSeed>false</inclRandomSeed>
  <scheduleParams>
    <start>1.0</start>
    <interval>1.0</interval>
    <priority>-Infinity</priority>
    <pType>LAST</pType>
    <duration>-1.0</duration>
    <frequency>REPEAT</frequency>
    <hashCode>367500990</hashCode>
  </scheduleParams>
  <atEnd>false</atEnd>
  <methodDataSources class="linked-hash-map">
    <entry>
      <string>Id</string>
      <repast.simphony.data2.engine.MethodDataSourceDefinition>
        <id>Id</id>
        <className>dk.au.bios.porpoise.RandomPorpoiseReportProxy</className>
        <methodName>getId</methodName>
      </repast.simphony.data2.engine.MethodDataSourceDefinition>
    </entry>
    <entry>
      <string>UtmX</string>
      <repast.simphony.data2.engine.MethodDataSourceDefinition>
        <id>UtmX</id>
        <className>dk.au.bios.porpoise.RandomPorpoiseReportProxy</className>
        <methodName>getUtmX</methodName>
      </repast.simphony.data2.engine.MethodDataSourceDefinition>
    </entry>
    <entry>
      <string>UtmY</string>
      <repast.simphony.data2.engine.MethodDataSourceDefinition>
        <id>UtmY</id>
        <className>dk.au.bios.porpoise.RandomPorpoiseReportProxy</className>
        <methodName>getUtmY</methodName>
      </repast.simphony.data2.engine.MethodDataSourceDefinition>
    </entry>
    <entry>
      <string>DispersalMode</string>
      <repast.simphony.data2.engine.MethodDataSourceDefinition>
        <id>DispersalMode</id>
        <className>dk.au.bios.porpoise.RandomPorpoiseReportProxy</className>
        <methodName>getDispersalMode</methodName>
      </repast.simphony.data2.engine.MethodDataSourceDefinition>
    </entry>
    <entry>
      <string>PSMActive</string>
      <repast.simphony.data2.engine.MethodDataSourceDefinition>
        <id>PSMActive</id>
        <className>dk.au.bios.porpoise.RandomPorpoiseReportProxy</className>
        <methodName>isPSMActive</methodName>
      </repast.simphony.data2.engine.MethodDataSourceDefinition>
    </entry>
    <entry>
      <string>PSMTargetUtmX</string>
      <repast.simphony.data2.engine.MethodDataSourceDefinition>
        <id>PSMTargetUtmX</id>
        <className>dk.au.bios.porpoise.RandomPorpoiseReportProxy</className>
        <methodName>getPSMTargetUtmX</methodName>
      </repast.simphony.data2.engine.MethodDataSourceDefinition>
    </entry>
    <entry>
      <string>PSMTargetUtmY</string>
      <repast.simphony.data2.engine.MethodDataSourceDefinition>
        <id>PSMTargetUtmY</id>
        <className>dk.au.bios.porpoise.RandomPorpoiseReportProxy</className>
        <methodName>getPSMTargetUtmY</methodName>
      </repast.simphony.data2.engine.MethodDataSourceDefinition>
    </entry>
    <entry>
      <string>DeterStrength</string>
      <repast.simphony.data2.engine.MethodDataSourceDefinition>
        <id>DeterStrength</id>
        <className>dk.au.bios.porpoise.RandomPorpoiseReportProxy</className>
        <methodName>getDeterStrength</methodName>
      </repast.simphony.data2.engine.MethodDataSourceDefinition>
    </entry>
    <entry>
      <string>EnergyLevel</string>
      <repast.simphony.data2.engine.MethodDataSourceDefinition>
        <id>EnergyLevel</id>
        <className>dk.au.bios.porpoise.RandomPorpoiseReportProxy</className>
        <methodName>getEnergyLevel</methodName>
      </repast.simphony.data2.engine.MethodDataSourceDefinition>
    </entry>
  </methodDataSources>
  <countSources class="linked-hash-map"/>
  <customNADataSources class="linked-hash-map"/>
  <customAggDataSources class="linked-hash-map"/>
</repast.simphony.data2.engine.DataSetDescriptor>