<repast.simphony.chart2.engine.TimeSeriesChartDescriptor>
  <name>Food grown and consumed</name>
  <dataSet>FoodGrownAndConsumed</dataSet>
  <xAxisLabel>Tick Count</xAxisLabel>
  <yAxisLabel>Energy</yAxisLabel>
  <chartTitle>Food grown and consumed</chartTitle>
  <type>TIME_SERIES</type>
  <background>
    <red>192</red>
    <green>192</green>
    <blue>192</blue>
    <alpha>255</alpha>
  </background>
  <gridLineColor>
    <red>255</red>
    <green>255</green>
    <blue>255</blue>
    <alpha>255</alpha>
  </gridLineColor>
  <showGrid>true</showGrid>
  <showLegend>true</showLegend>
  <seriesIds>
    <entry>
      <string>Food Grown</string>
      <SeriesData>
        <label>Food Grown</label>
        <color>
          <red>0</red>
          <green>0</green>
          <blue>255</blue>
          <alpha>255</alpha>
        </color>
      </SeriesData>
    </entry>
    <entry>
      <string>Energy obtained</string>
      <SeriesData>
        <label>Energy obtained</label>
        <color>
          <red>0</red>
          <green>255</green>
          <blue>0</blue>
          <alpha>255</alpha>
        </color>
      </SeriesData>
    </entry>
    <entry>
      <string>Energy consumed</string>
      <SeriesData>
        <label>Energy consumed</label>
        <color>
          <red>255</red>
          <green>0</green>
          <blue>0</blue>
          <alpha>255</alpha>
        </color>
      </SeriesData>
    </entry>
  </seriesIds>
  <dataValueIds/>
  <plotRangeLength>-1</plotRangeLength>
</repast.simphony.chart2.engine.TimeSeriesChartDescriptor>