<repast.simphony.data2.engine.DataSetDescriptor>
  <name>Porpoise Population Size</name>
  <type>AGGREGATE</type>
  <inclTick>true</inclTick>
  <inclBatchRun>false</inclBatchRun>
  <inclRandomSeed>false</inclRandomSeed>
  <scheduleParams>
    <start>1.0</start>
    <interval>48.0</interval>
    <priority>-Infinity</priority>
    <pType>LAST</pType>
    <duration>-1.0</duration>
    <frequency>REPEAT</frequency>
    <hashCode>1781414227</hashCode>
  </scheduleParams>
  <atEnd>false</atEnd>
  <methodDataSources class="linked-hash-map">
    <entry>
      <string>LactCalf</string>
      <repast.simphony.data2.engine.MethodDataSourceDefinition>
        <id>LactCalf</id>
        <className>dk.au.bios.porpoise.Porpoise</className>
        <methodName>getLactatingCalf</methodName>
        <aggType>SUM</aggType>
      </repast.simphony.data2.engine.MethodDataSourceDefinition>
    </entry>
  </methodDataSources>
  <countSources class="linked-hash-map">
    <entry>
      <string>Count</string>
      <repast.simphony.data2.engine.CountSourceDefinition>
        <typeName>dk.au.bios.porpoise.Porpoise</typeName>
        <id>Count</id>
      </repast.simphony.data2.engine.CountSourceDefinition>
    </entry>
  </countSources>
  <customNADataSources class="linked-hash-map"/>
  <customAggDataSources class="linked-hash-map"/>
</repast.simphony.data2.engine.DataSetDescriptor>