<repast.simphony.data2.engine.DataSetDescriptor>
  <name>LifeAndDeath</name>
  <type>AGGREGATE</type>
  <inclTick>true</inclTick>
  <inclBatchRun>false</inclBatchRun>
  <inclRandomSeed>false</inclRandomSeed>
  <scheduleParams>
    <start>1.0</start>
    <interval>48.0</interval>
    <priority>-Infinity</priority>
    <pType>LAST</pType>
    <duration>-1.0</duration>
    <frequency>REPEAT</frequency>
    <hashCode>1032446367</hashCode>
  </scheduleParams>
  <atEnd>false</atEnd>
  <methodDataSources class="linked-hash-map">
    <entry>
      <string>NumberOfBirths</string>
      <repast.simphony.data2.engine.MethodDataSourceDefinition>
        <id>NumberOfBirths</id>
        <className>dk.au.bios.porpoise.PorpoiseStatistics</className>
        <methodName>getNumberOfBirths</methodName>
        <aggType>SUM</aggType>
      </repast.simphony.data2.engine.MethodDataSourceDefinition>
    </entry>
    <entry>
      <string>NumberOfDeaths</string>
      <repast.simphony.data2.engine.MethodDataSourceDefinition>
        <id>NumberOfDeaths</id>
        <className>dk.au.bios.porpoise.PorpoiseStatistics</className>
        <methodName>getNumberOfDeaths</methodName>
        <aggType>SUM</aggType>
      </repast.simphony.data2.engine.MethodDataSourceDefinition>
    </entry>
  </methodDataSources>
  <countSources class="linked-hash-map"/>
  <customNADataSources class="linked-hash-map"/>
  <customAggDataSources class="linked-hash-map"/>
</repast.simphony.data2.engine.DataSetDescriptor>