<repast.simphony.data2.engine.DataSetDescriptor>
  <name>FoodGrownAndConsumed</name>
  <type>AGGREGATE</type>
  <inclTick>true</inclTick>
  <inclBatchRun>false</inclBatchRun>
  <inclRandomSeed>false</inclRandomSeed>
  <scheduleParams>
    <start>1.0</start>
    <interval>48.0</interval>
    <priority>-Infinity</priority>
    <pType>LAST</pType>
    <duration>-1.0</duration>
    <frequency>REPEAT</frequency>
    <hashCode>1659574364</hashCode>
  </scheduleParams>
  <atEnd>false</atEnd>
  <methodDataSources class="linked-hash-map">
    <entry>
      <string>Food Grown</string>
      <repast.simphony.data2.engine.MethodDataSourceDefinition>
        <id>Food Grown</id>
        <className>dk.au.bios.porpoise.BackgroundAgent</className>
        <methodName>getGrownFood</methodName>
        <aggType>MAX</aggType>
      </repast.simphony.data2.engine.MethodDataSourceDefinition>
    </entry>
    <entry>
      <string>Energy consumed</string>
      <repast.simphony.data2.engine.MethodDataSourceDefinition>
        <id>Energy consumed</id>
        <className>dk.au.bios.porpoise.Porpoise</className>
        <methodName>getEnergyConsumedDaily</methodName>
        <aggType>SUM</aggType>
      </repast.simphony.data2.engine.MethodDataSourceDefinition>
    </entry>
    <entry>
      <string>Energy obtained</string>
      <repast.simphony.data2.engine.MethodDataSourceDefinition>
        <id>Energy obtained</id>
        <className>dk.au.bios.porpoise.Porpoise</className>
        <methodName>getFoodEaten</methodName>
        <aggType>SUM</aggType>
      </repast.simphony.data2.engine.MethodDataSourceDefinition>
    </entry>
  </methodDataSources>
  <countSources class="linked-hash-map"/>
  <customNADataSources class="linked-hash-map"/>
  <customAggDataSources class="linked-hash-map"/>
</repast.simphony.data2.engine.DataSetDescriptor>