<repast.simphony.data2.engine.DataSetDescriptor>
  <name>Porpoise age</name>
  <type>NON_AGGREGATE</type>
  <sourceType>dk.au.bios.porpoise.Porpoise</sourceType>
  <inclTick>true</inclTick>
  <inclBatchRun>false</inclBatchRun>
  <inclRandomSeed>false</inclRandomSeed>
  <scheduleParams>
    <start>1.0</start>
    <interval>48.0</interval>
    <priority>-Infinity</priority>
    <pType>LAST</pType>
    <duration>-1.0</duration>
    <frequency>REPEAT</frequency>
    <hashCode>242436752</hashCode>
  </scheduleParams>
  <atEnd>false</atEnd>
  <methodDataSources class="linked-hash-map">
    <entry>
      <string>Age</string>
      <repast.simphony.data2.engine.MethodDataSourceDefinition>
        <id>Age</id>
        <className>dk.au.bios.porpoise.Porpoise</className>
        <methodName>getAge</methodName>
      </repast.simphony.data2.engine.MethodDataSourceDefinition>
    </entry>
  </methodDataSources>
  <countSources class="linked-hash-map"/>
  <customNADataSources class="linked-hash-map"/>
  <customAggDataSources class="linked-hash-map"/>
</repast.simphony.data2.engine.DataSetDescriptor>