<?xml version="1.0" encoding="UTF-8" ?>
<Scenario>
<repast.simphony.action.data_set context="PorpoiseSim" file="repast.simphony.action.data_set_0.xml" />
<repast.simphony.action.data_set context="PorpoiseSim" file="repast.simphony.action.data_set_1.xml" />
<repast.simphony.action.data_set context="PorpoiseSim" file="repast.simphony.action.data_set_2.xml" />
<repast.simphony.action.data_set context="PorpoiseSim" file="repast.simphony.action.data_set_3.xml" />
<repast.simphony.action.data_set context="PorpoiseSim" file="repast.simphony.action.data_set_4.xml" />
<repast.simphony.action.data_set context="PorpoiseSim" file="repast.simphony.action.data_set_5.xml" />
<repast.simphony.action.data_set context="PorpoiseSim" file="repast.simphony.action.data_set_6.xml" />
<repast.simphony.action.data_set context="PorpoiseSim" file="repast.simphony.action.data_set_7.xml" />
<repast.simphony.action.data_set context="PorpoiseSim" file="repast.simphony.action.data_set_8.xml" />
<repast.simphony.action.data_set context="PorpoiseSim" file="repast.simphony.action.data_set_9.xml" />
<repast.simphony.action.data_set context="PorpoiseSim" file="repast.simphony.action.data_set_10.xml" />
<repast.simphony.action.data_set context="PorpoiseSim" file="repast.simphony.action.data_set_11.xml" />
<repast.simphony.action.file_sink context="PorpoiseSim" file="repast.simphony.action.file_sink_12.xml" />
<repast.simphony.action.file_sink context="PorpoiseSim" file="repast.simphony.action.file_sink_13.xml" />
<repast.simphony.action.file_sink context="PorpoiseSim" file="repast.simphony.action.file_sink_14.xml" />
<repast.simphony.dataLoader.engine.ClassNameDataLoaderAction context="PorpoiseSim" file="repast.simphony.dataLoader.engine.ClassNameDataLoaderAction_15.xml" />
<repast.simphony.action.histogram_chart context="PorpoiseSim" file="repast.simphony.action.histogram_chart_16.xml" />
<repast.simphony.action.time_series_chart context="PorpoiseSim" file="repast.simphony.action.time_series_chart_17.xml" />
<repast.simphony.action.histogram_chart context="PorpoiseSim" file="repast.simphony.action.histogram_chart_18.xml" />
<repast.simphony.action.time_series_chart context="PorpoiseSim" file="repast.simphony.action.time_series_chart_19.xml" />
<repast.simphony.action.time_series_chart context="PorpoiseSim" file="repast.simphony.action.time_series_chart_20.xml" />
<repast.simphony.action.time_series_chart context="PorpoiseSim" file="repast.simphony.action.time_series_chart_21.xml" />
<repast.simphony.action.time_series_chart context="PorpoiseSim" file="repast.simphony.action.time_series_chart_22.xml" />
<repast.simphony.action.time_series_chart context="PorpoiseSim" file="repast.simphony.action.time_series_chart_23.xml" />
<repast.simphony.action.time_series_chart context="PorpoiseSim" file="repast.simphony.action.time_series_chart_24.xml" />
<repast.simphony.action.display context="PorpoiseSim" file="repast.simphony.action.display_25.xml" />
<repast.simphony.action.display context="PorpoiseSim" file="repast.simphony.action.display_26.xml" />
<model.initializer class="dk.au.bios.porpoise.PorpoiseInitializer" />
</Scenario>