<?xml version="1.0" ?><sweep runs="1"><parameter name="PSM_tol" type="constant" constant_type="double" value="5.0"></parameter><parameter name="RT" type="constant" constant_type="double" value="155.0"></parameter><parameter name="Euse" type="constant" constant_type="double" value="4.5"></parameter><parameter name="tdisp" type="constant" constant_type="int" value="3"></parameter><parameter name="dispersal" type="constant" constant_type="java.lang.String" value="PSM-Type2"></parameter><parameter name="PSM_dist" type="constant" constant_type="java.lang.String" value="N(210;50.0)"></parameter><parameter name="Ewarm" type="constant" constant_type="double" value="1.3"></parameter><parameter name="wmin" type="constant" constant_type="double" value="1.0"></parameter><parameter name="PSM_log" type="constant" constant_type="java.lang.String" value="0.3"></parameter><parameter name="simYears" type="constant" constant_type="int" value="50"></parameter><parameter name="Elact" type="constant" constant_type="double" value="1.4"></parameter><parameter name="tmating" type="constant" constant_type="java.lang.String" value="N(225;20)"></parameter><parameter name="bycatchProb" type="constant" constant_type="double" value="0.0"></parameter><parameter name="tmature" type="constant" constant_type="double" value="3.44"></parameter><parameter name="beta" type="constant" constant_type="double" value="0.4"></parameter><parameter name="dmax_mov" type="constant" constant_type="double" value="1.18"></parameter><parameter name="dmax_deter" type="constant" constant_type="double" value="1000.0"></parameter><parameter name="R1" type="constant" constant_type="java.lang.String" value="N(0.42;0.48)"></parameter><parameter name="rR" type="constant" constant_type="double" value="0.1"></parameter><parameter name="tgest" type="constant" constant_type="int" value="300"></parameter><parameter name="R2" type="constant" constant_type="java.lang.String" value="N(0;38)"></parameter><parameter name="rS" type="constant" constant_type="double" value="0.2"></parameter><parameter name="a" type="constant" constant_type="double" value="0.94"></parameter><parameter name="R3" type="constant" constant_type="java.lang.String" value="N(96;28)"></parameter><parameter name="porpoiseCount" type="constant" constant_type="int" value="10000"></parameter><parameter name="b" type="constant" constant_type="double" value="0.26"></parameter><parameter name="Psi_deter" type="constant" constant_type="double" value="50.0"></parameter><parameter name="wdisp" type="constant" constant_type="double" value="4.0"></parameter><parameter name="debug" type="constant" constant_type="int" value="0"></parameter><parameter name="rU" type="constant" constant_type="double" value="0.1"></parameter><parameter name="c" type="constant" constant_type="double" value="0.07"></parameter><parameter name="turbines" type="constant" constant_type="java.lang.String" value="off"></parameter><parameter name="trackedPorpoiseCount" type="constant" constant_type="int" value="1"></parameter><parameter name="h" type="constant" constant_type="double" value="0.68"></parameter><parameter name="Einit" type="constant" constant_type="java.lang.String" value="N(10.0;1)"></parameter><parameter name="tnurs" type="constant" constant_type="int" value="240"></parameter><parameter name="k" type="constant" constant_type="double" value="0.001"></parameter><parameter name="m" type="constant" constant_type="double" value="0.74"></parameter><parameter name="tmaxage" type="constant" constant_type="double" value="30.0"></parameter><parameter name="tdeter" type="constant" constant_type="int" value="0"></parameter><parameter name="PSM_angle" type="constant" constant_type="double" value="20.0"></parameter><parameter name="Umin" type="constant" constant_type="double" value="0.001"></parameter><parameter name="ddisp" type="constant" constant_type="double" value="1.25"></parameter><parameter name="wrapBorderHomo" type="constant" constant_type="boolean" value="true"></parameter><parameter name="landscape" type="constant" constant_type="java.lang.String" value="NorthSea"></parameter></sweep>